Designator,Footprint,Quantity,Value,LCSC Part #
C1,0603,1,2.2uF,
C2,0603,1,100NF,
C3,0603,1,0.1uF,
"C4, C5",0603,2,27pF,
"C6, C7",0603,2,10uF,
"D1, D10, D11, D12, D13, D14, D15, D16, D17, D2, D3, D4, D5, D6, D7, D8, D9",D_SOD-523,17,1N4148WT,
E1,RotaryEncoder_Alps_EC11E-Switch_Vertical_H20mm_MountingHoles,1,RotaryEncoder_Switch_MP,
J1,USB_C_Receptacle_GCT_USB4105-xx-A_16P_TopMnt_Horizontal,1,USB_C_Receptacle_USB2.0_16P,
J2,JST_SH_SM04B-SRSS-TB_1x04-1MP_P1.00mm_Horizontal,1,Conn_01x05_Socket,
J3,TerminalBlock_Xinya_XY308-2.54-3P_1x03_P2.54mm_Horizontal,1,DEBUG PIN,
J4,PinHeader_1x06_P2.54mm_Vertical,1,Conn_01x06_Pin,
"L1, L10, L11, L12, L13, L14, L15, L16, L17, L2, L3, L4, L5, L6, L7, L8, L9",LED_SK6812MINI-E_3.2x2.8mm_P1.5mm_ReverseMount,17,SK6812MINI-E,
"P1, P2",SW_SPST_CK_KXT3,2,SW_Push,
"R1, R2",0603,2,5.1K,
"R3, R7",0603,2,10K,
"R4, R5",0603,2,27R,
R6,0603,1,1K,
"SW1, SW10, SW11, SW12, SW13, SW14, SW17, SW2, SW3, SW4, SW5, SW6, SW7, SW9",SW_Hotswap_Kailh_MX_1.00u,14,SW_Push,
"SW15, SW8",SW_Hotswap_Kailh_MX_2.00u_90deg,2,SW_Push,
SW16,SW_Hotswap_Kailh_MX_2.00u,1,SW_Push,
U1,QFN-56-1EP_7x7mm_P0.4mm_EP3.2x3.2mm,1,RP2040,
U2,SOIC-8_5.3x5.3mm_P1.27mm,1,W25Q128JVS,
U3,SOT-223-3_TabPin2,1,AMS1117-3.3,
Y1,Crystal_SMD_2016-4Pin_2.0x1.6mm,1,12MHz,
